Workbook
Name Slicer_Product_Name: #N/A
Name Slicer_Supplier: #N/A

Sheet Raw_Inventory
A1: Product ID | B1: Product Name | C1: Category | D1: Supplier | E1: Stock In | F1: Stock Out | G1: Unit Price | H1: Date
A2: P1001 | B2: Keyboard | C2: Electronics | D2: Samsung | E2: 184 | F2: 14 | G2: 500 | H2: 05-06-2024
A3: P1002 | B3: Webcam | C3: Electronics | D3: TP-Link | E3: 47 | F3: 76 | G3: 2500 | H3: 10-08-2024
A4: P1003 | B4: Printer | C4: Electronics | D4: Dell | E4: 64 | F4: 82 | G4: 55000 | H4: 31-03-2024
A5: P1004 | B5: Mouse | C5: Electronics | D5: Acer | E5: 53 | F5: 133 | G5: 2500 | H5: 01-07-2024
A6: P1005 | B6: Keyboard | C6: Electronics | D6: Lenovo | E6: 197 | F6: 22 | G6: 5000 | H6: 01-08-2024
A7: P1006 | B7: Laptop | C7: Electronics | D7: HP | E7: 86 | F7: 81 | G7: 30000 | H7: 02-06-2024
A8: P1007 | B8: Router | C8: Electronics | D8: Acer | E8: 102 | F8: 69 | G8: 30000 | H8: 27-10-2024
A9: P1008 | B9: Router | C9: Electronics | D9: Canon | E9: 103 | F9: 18 | G9: 1500 | H9: 09-10-2024
A10: P1009 | B10: Monitor | C10: Electronics | D10: Acer | E10: 98 | F10: 149 | G10: 30000 | H10: 23-02-2024
A11: P1010 | B11: Webcam | C11: Electronics | D11: Seagate | E11: 131 | F11: 5 | G11: 2500 | H11: 19-09-2024
A12: P1011 | B12: Tablet | C12: Electronics | D12: TP-Link | E12: 84 | F12: 48 | G12: 30000 | H12: 16-02-2024
A13: P1012 | B13: Headphones | C13: Electronics | D13: Logitech | E13: 97 | F13: 10 | G13: 2500 | H13: 16-01-2024
... A501: P1500 | B501: SSD | C501: Electronics | D501: Canon | E501: 86 | F501: 39 | G501: 8000 | H501: 02-12-2024

Sheet Stock_Calculation
A1: Product ID | B1: Product Name | C1: Supplier | D1: Stock In | E1: Stock Out | F1: Unit Price | G1: Current Stock | H1: Stock Value | I1: Stock Status
A2: =Raw_Inventory!A2 -> P1001 | B2: =Raw_Inventory!B2 -> Keyboard | C2: =Raw_Inventory!D2 -> Samsung | D2: =Raw_Inventory!E2 -> 184 | E2: =Raw_Inventory!F2 -> 14 | F2: =Raw_Inventory!G2 -> 500 | G2: =D2 - E2 -> 170 | H2: =G2 * F2 -> 85000 | I2: =IF(G2<10,"Low Stock","OK") -> OK
A3: =Raw_Inventory!A3 -> P1002 | B3: =Raw_Inventory!B3 -> Webcam | C3: =Raw_Inventory!D3 -> TP-Link | D3: =Raw_Inventory!E3 -> 47 | E3: =Raw_Inventory!F3 -> 76 | F3: =Raw_Inventory!G3 -> 2500 | G3: =D3 - E3 -> -29 | H3: =G3 * F3 -> -72500 | I3: =IF(G3<10,"Low Stock","OK") -> Low Stock
A4: =Raw_Inventory!A4 -> P1003 | B4: =Raw_Inventory!B4 -> Printer | C4: =Raw_Inventory!D4 -> Dell | D4: =Raw_Inventory!E4 -> 64 | E4: =Raw_Inventory!F4 -> 82 | F4: =Raw_Inventory!G4 -> 55000 | G4: =D4 - E4 -> -18 | H4: =G4 * F4 -> -990000 | I4: =IF(G4<10,"Low Stock","OK") -> Low Stock
A5: =Raw_Inventory!A5 -> P1004 | B5: =Raw_Inventory!B5 -> Mouse | C5: =Raw_Inventory!D5 -> Acer | D5: =Raw_Inventory!E5 -> 53 | E5: =Raw_Inventory!F5 -> 133 | F5: =Raw_Inventory!G5 -> 2500 | G5: =D5 - E5 -> -80 | H5: =G5 * F5 -> -200000 | I5: =IF(G5<10,"Low Stock","OK") -> Low Stock
A6: =Raw_Inventory!A6 -> P1005 | B6: =Raw_Inventory!B6 -> Keyboard | C6: =Raw_Inventory!D6 -> Lenovo | D6: =Raw_Inventory!E6 -> 197 | E6: =Raw_Inventory!F6 -> 22 | F6: =Raw_Inventory!G6 -> 5000 | G6: =D6 - E6 -> 175 | H6: =G6 * F6 -> 875000 | I6: =IF(G6<10,"Low Stock","OK") -> OK
A7: =Raw_Inventory!A7 -> P1006 | B7: =Raw_Inventory!B7 -> Laptop | C7: =Raw_Inventory!D7 -> HP | D7: =Raw_Inventory!E7 -> 86 | E7: =Raw_Inventory!F7 -> 81 | F7: =Raw_Inventory!G7 -> 30000 | G7: =D7 - E7 -> 5 | H7: =G7 * F7 -> 150000 | I7: =IF(G7<10,"Low Stock","OK") -> Low Stock
A8: =Raw_Inventory!A8 -> P1007 | B8: =Raw_Inventory!B8 -> Router | C8: =Raw_Inventory!D8 -> Acer | D8: =Raw_Inventory!E8 -> 102 | E8: =Raw_Inventory!F8 -> 69 | F8: =Raw_Inventory!G8 -> 30000 | G8: =D8 - E8 -> 33 | H8: =G8 * F8 -> 990000 | I8: =IF(G8<10,"Low Stock","OK") -> OK
A9: =Raw_Inventory!A9 -> P1008 | B9: =Raw_Inventory!B9 -> Router | C9: =Raw_Inventory!D9 -> Canon | D9: =Raw_Inventory!E9 -> 103 | E9: =Raw_Inventory!F9 -> 18 | F9: =Raw_Inventory!G9 -> 1500 | G9: =D9 - E9 -> 85 | H9: =G9 * F9 -> 127500 | I9: =IF(G9<10,"Low Stock","OK") -> OK
A10: =Raw_Inventory!A10 -> P1009 | B10: =Raw_Inventory!B10 -> Monitor | C10: =Raw_Inventory!D10 -> Acer | D10: =Raw_Inventory!E10 -> 98 | E10: =Raw_Inventory!F10 -> 149 | F10: =Raw_Inventory!G10 -> 30000 | G10: =D10 - E10 -> -51 | H10: =G10 * F10 -> -1530000 | I10: =IF(G10<10,"Low Stock","OK") -> Low Stock
A11: =Raw_Inventory!A11 -> P1010 | B11: =Raw_Inventory!B11 -> Webcam | C11: =Raw_Inventory!D11 -> Seagate | D11: =Raw_Inventory!E11 -> 131 | E11: =Raw_Inventory!F11 -> 5 | F11: =Raw_Inventory!G11 -> 2500 | G11: =D11 - E11 -> 126 | H11: =G11 * F11 -> 315000 | I11: =IF(G11<10,"Low Stock","OK") -> OK
A12: =Raw_Inventory!A12 -> P1011 | B12: =Raw_Inventory!B12 -> Tablet | C12: =Raw_Inventory!D12 -> TP-Link | D12: =Raw_Inventory!E12 -> 84 | E12: =Raw_Inventory!F12 -> 48 | F12: =Raw_Inventory!G12 -> 30000 | G12: =D12 - E12 -> 36 | H12: =G12 * F12 -> 1080000 | I12: =IF(G12<10,"Low Stock","OK") -> OK
A13: =Raw_Inventory!A13 -> P1012 | B13: =Raw_Inventory!B13 -> Headphones | C13: =Raw_Inventory!D13 -> Logitech | D13: =Raw_Inventory!E13 -> 97 | E13: =Raw_Inventory!F13 -> 10 | F13: =Raw_Inventory!G13 -> 2500 | G13: =D13 - E13 -> 87 | H13: =G13 * F13 -> 217500 | I13: =IF(G13<10,"Low Stock","OK") -> OK
... A501: =Raw_Inventory!A501 -> P1500 | B501: =Raw_Inventory!B501 -> SSD | C501: =Raw_Inventory!D501 -> Canon | D501: =Raw_Inventory!E501 -> 86 | E501: =Raw_Inventory!F501 -> 39 | F501: =Raw_Inventory!G501 -> 8000 | G501: =D501 - E501 -> 47 | H501: =G501 * F501 -> 376000 | I501: =IF(G501<10,"Low Stock","OK") -> OK

Sheet Validation
A1: Product ID | B1: Duplicate Check | C1: Negative Stock Check | D1: Missing Supplier | E1: Remark
A2: =Raw_Inventory!A2 -> P1001 | B2: =IF(COUNTIF(Raw_Inventory!A:A,A2)>1,"Duplicate","OK") -> OK | C2: =IF(Raw_Inventory!E2-Raw_Inventory!F2<0,"Error","OK") -> OK | D2: =IF(Raw_Inventory!D2="","Missing","OK") -> OK | E2: =IF(OR(B2="Duplicate",C2="Error",D2="Missing"),"Check Record","Valid") -> Valid
A3: =Raw_Inventory!A3 -> P1002 | B3: =IF(COUNTIF(Raw_Inventory!A:A,A3)>1,"Duplicate","OK") -> OK | C3: =IF(Raw_Inventory!E3-Raw_Inventory!F3<0,"Error","OK") -> Error | D3: =IF(Raw_Inventory!D3="","Missing","OK") -> OK | E3: =IF(OR(B3="Duplicate",C3="Error",D3="Missing"),"Check Record","Valid") -> Check Record
A4: =Raw_Inventory!A4 -> P1003 | B4: =IF(COUNTIF(Raw_Inventory!A:A,A4)>1,"Duplicate","OK") -> OK | C4: =IF(Raw_Inventory!E4-Raw_Inventory!F4<0,"Error","OK") -> Error | D4: =IF(Raw_Inventory!D4="","Missing","OK") -> OK | E4: =IF(OR(B4="Duplicate",C4="Error",D4="Missing"),"Check Record","Valid") -> Check Record
A5: =Raw_Inventory!A5 -> P1004 | B5: =IF(COUNTIF(Raw_Inventory!A:A,A5)>1,"Duplicate","OK") -> OK | C5: =IF(Raw_Inventory!E5-Raw_Inventory!F5<0,"Error","OK") -> Error | D5: =IF(Raw_Inventory!D5="","Missing","OK") -> OK | E5: =IF(OR(B5="Duplicate",C5="Error",D5="Missing"),"Check Record","Valid") -> Check Record
A6: =Raw_Inventory!A6 -> P1005 | B6: =IF(COUNTIF(Raw_Inventory!A:A,A6)>1,"Duplicate","OK") -> OK | C6: =IF(Raw_Inventory!E6-Raw_Inventory!F6<0,"Error","OK") -> OK | D6: =IF(Raw_Inventory!D6="","Missing","OK") -> OK | E6: =IF(OR(B6="Duplicate",C6="Error",D6="Missing"),"Check Record","Valid") -> Valid
A7: =Raw_Inventory!A7 -> P1006 | B7: =IF(COUNTIF(Raw_Inventory!A:A,A7)>1,"Duplicate","OK") -> OK | C7: =IF(Raw_Inventory!E7-Raw_Inventory!F7<0,"Error","OK") -> OK | D7: =IF(Raw_Inventory!D7="","Missing","OK") -> OK | E7: =IF(OR(B7="Duplicate",C7="Error",D7="Missing"),"Check Record","Valid") -> Valid
A8: =Raw_Inventory!A8 -> P1007 | B8: =IF(COUNTIF(Raw_Inventory!A:A,A8)>1,"Duplicate","OK") -> OK | C8: =IF(Raw_Inventory!E8-Raw_Inventory!F8<0,"Error","OK") -> OK | D8: =IF(Raw_Inventory!D8="","Missing","OK") -> OK | E8: =IF(OR(B8="Duplicate",C8="Error",D8="Missing"),"Check Record","Valid") -> Valid
A9: =Raw_Inventory!A9 -> P1008 | B9: =IF(COUNTIF(Raw_Inventory!A:A,A9)>1,"Duplicate","OK") -> OK | C9: =IF(Raw_Inventory!E9-Raw_Inventory!F9<0,"Error","OK") -> OK | D9: =IF(Raw_Inventory!D9="","Missing","OK") -> OK | E9: =IF(OR(B9="Duplicate",C9="Error",D9="Missing"),"Check Record","Valid") -> Valid
A10: =Raw_Inventory!A10 -> P1009 | B10: =IF(COUNTIF(Raw_Inventory!A:A,A10)>1,"Duplicate","OK") -> OK | C10: =IF(Raw_Inventory!E10-Raw_Inventory!F10<0,"Error","OK") -> Error | D10: =IF(Raw_Inventory!D10="","Missing","OK") -> OK | E10: =IF(OR(B10="Duplicate",C10="Error",D10="Missing"),"Check Record","Valid") -> Check Record
A11: =Raw_Inventory!A11 -> P1010 | B11: =IF(COUNTIF(Raw_Inventory!A:A,A11)>1,"Duplicate","OK") -> OK | C11: =IF(Raw_Inventory!E11-Raw_Inventory!F11<0,"Error","OK") -> OK | D11: =IF(Raw_Inventory!D11="","Missing","OK") -> OK | E11: =IF(OR(B11="Duplicate",C11="Error",D11="Missing"),"Check Record","Valid") -> Valid
A12: =Raw_Inventory!A12 -> P1011 | B12: =IF(COUNTIF(Raw_Inventory!A:A,A12)>1,"Duplicate","OK") -> OK | C12: =IF(Raw_Inventory!E12-Raw_Inventory!F12<0,"Error","OK") -> OK | D12: =IF(Raw_Inventory!D12="","Missing","OK") -> OK | E12: =IF(OR(B12="Duplicate",C12="Error",D12="Missing"),"Check Record","Valid") -> Valid
A13: =Raw_Inventory!A13 -> P1012 | B13: =IF(COUNTIF(Raw_Inventory!A:A,A13)>1,"Duplicate","OK") -> OK | C13: =IF(Raw_Inventory!E13-Raw_Inventory!F13<0,"Error","OK") -> OK | D13: =IF(Raw_Inventory!D13="","Missing","OK") -> OK | E13: =IF(OR(B13="Duplicate",C13="Error",D13="Missing"),"Check Record","Valid") -> Valid
... A501: =Raw_Inventory!A501 -> P1500 | B501: =IF(COUNTIF(Raw_Inventory!A:A,A501)>1,"Duplicate","OK") -> OK | C501: =IF(Raw_Inventory!E501-Raw_Inventory!F501<0,"Error","OK") -> OK | D501: =IF(Raw_Inventory!D501="","Missing","OK") -> OK | E501: =IF(OR(B501="Duplicate",C501="Error",D501="Missing"),"Check Record","Valid") -> Valid

Sheet Detail1
A1: Details for Total Current Stock - Product Name: SSD
A3: Product ID | B3: Product Name | C3: Supplier | D3: Stock In | E3: Stock Out | F3: Unit Price | G3: Current Stock | H3: Stock Value | I3: Stock Status
A4: P1500 | B4: SSD | C4: Canon | D4: 86 | E4: 39 | F4: 8000 | G4: 47 | H4: 376000 | I4: OK
A5: P1495 | B5: SSD | C5: Samsung | D5: 192 | E5: 99 | F5: 500 | G5: 93 | H5: 46500 | I5: OK
A6: P1472 | B6: SSD | C6: Samsung | D6: 155 | E6: 101 | F6: 8000 | G6: 54 | H6: 432000 | I6: OK
A7: P1457 | B7: SSD | C7: Seagate | D7: 158 | E7: 50 | F7: 800 | G7: 108 | H7: 86400 | I7: OK
A8: P1448 | B8: SSD | C8: HP | D8: 56 | E8: 132 | F8: 30000 | G8: -76 | H8: -2280000 | I8: Low Stock
A9: P1442 | B9: SSD | C9: Asus | D9: 48 | E9: 121 | F9: 55000 | G9: -73 | H9: -4015000 | I9: Low Stock
A10: P1438 | B10: SSD | C10: Samsung | D10: 25 | E10: 4 | F10: 2500 | G10: 21 | H10: 52500 | I10: OK
A11: P1437 | B11: SSD | C11: Dell | D11: 82 | E11: 67 | F11: 2500 | G11: 15 | H11: 37500 | I11: OK
A12: P1433 | B12: SSD | C12: Logitech | D12: 195 | E12: 111 | F12: 2500 | G12: 84 | H12: 210000 | I12: OK
A13: P1423 | B13: SSD | C13: Canon | D13: 157 | E13: 28 | F13: 1500 | G13: 129 | H13: 193500 | I13: OK
A14: P1401 | B14: SSD | C14: TP-Link | D14: 191 | E14: 90 | F14: 800 | G14: 101 | H14: 80800 | I14: OK
A15: P1369 | B15: SSD | C15: Canon | D15: 151 | E15: 85 | F15: 1500 | G15: 66 | H15: 99000 | I15: OK
... A47: P1049 | B47: SSD | C47: Lenovo | D47: 82 | E47: 17 | F47: 1500 | G47: 65 | H47: 97500 | I47: OK

Sheet Detail2
A1: Details for Total Current Stock - Product Name: Keyboard
A3: Product ID | B3: Product Name | C3: Supplier | D3: Stock In | E3: Stock Out | F3: Unit Price | G3: Current Stock | H3: Stock Value | I3: Stock Status
A4: P1001 | B4: Keyboard | C4: Samsung | D4: 184 | E4: 14 | F4: 500 | G4: 170 | H4: 85000 | I4: OK
A5: P1493 | B5: Keyboard | C5: Logitech | D5: 77 | E5: 97 | F5: 2500 | G5: -20 | H5: -50000 | I5: Low Stock
A6: P1489 | B6: Keyboard | C6: Dell | D6: 104 | E6: 0 | F6: 2500 | G6: 104 | H6: 260000 | I6: OK
A7: P1470 | B7: Keyboard | C7: Samsung | D7: 135 | E7: 78 | F7: 8000 | G7: 57 | H7: 456000 | I7: OK
A8: P1005 | B8: Keyboard | C8: Lenovo | D8: 197 | E8: 22 | F8: 5000 | G8: 175 | H8: 875000 | I8: OK
A9: P1421 | B9: Keyboard | C9: Samsung | D9: 160 | E9: 25 | F9: 55000 | G9: 135 | H9: 7425000 | I9: OK
A10: P1419 | B10: Keyboard | C10: Canon | D10: 170 | E10: 12 | F10: 8000 | G10: 158 | H10: 1264000 | I10: OK
A11: P1404 | B11: Keyboard | C11: Lenovo | D11: 122 | E11: 146 | F11: 1200 | G11: -24 | H11: -28800 | I11: Low Stock
A12: P1399 | B12: Keyboard | C12: Logitech | D12: 175 | E12: 111 | F12: 55000 | G12: 64 | H12: 3520000 | I12: OK
A13: P1393 | B13: Keyboard | C13: TP-Link | D13: 82 | E13: 69 | F13: 8000 | G13: 13 | H13: 104000 | I13: OK
A14: P1385 | B14: Keyboard | C14: Acer | D14: 121 | E14: 119 | F14: 30000 | G14: 2 | H14: 60000 | I14: Low Stock
A15: P1377 | B15: Keyboard | C15: Canon | D15: 103 | E15: 82 | F15: 2500 | G15: 21 | H15: 52500 | I15: OK
... A54: P1057 | B54: Keyboard | C54: Logitech | D54: 108 | E54: 93 | F54: 1200 | G54: 15 | H54: 18000 | I54: OK

Sheet Inventory_Report
F3: INVENTORY DASHBOARD
D4: TOTAL PRODUCTS | G4: TOTAL STOCK | J4: TOTAL INVENTORY VALUE
D5: =COUNTA(Stock_Calculation!A2:A501) -> 500 | G5: =SUM(Stock_Calculation!G:G) -> 16865 | J5: =SUM(Stock_Calculation!H:H) -> 156364100

Sheet Sheet5
A1: Row Labels | B1: Total Current Stock | D1: Row Labels | E1: Sum of Stock Value
A2: Headphones | B2: 1458 | D2: Acer | E2: 11512100
A3: Keyboard | B3: 2560 | D3: Asus | E3: 10586500
A4: Laptop | B4: 1446 | D4: Canon | E4: 33051200
A5: Monitor | B5: 1786 | D5: Dell | E5: 3316700
A6: Mouse | B6: 1018 | D6: HP | E6: 10053300
A7: Printer | B7: 1433 | D7: Lenovo | E7: 14612900
A8: Router | B8: 1877 | D8: Logitech | E8: 9188200
A9: SSD | B9: 1630 | D9: Samsung | E9: 24981100
A10: Tablet | B10: 1247 | D10: Seagate | E10: 17695800
A11: Webcam | B11: 2410 | D11: TP-Link | E11: 21366300
A12: Grand Total | B12: 16865 | D12: Grand Total | E12: 156364100
